Keywords,Search Volume,Keywor Difficulty,Domain Autority,Tools
Crossbody bags,200k,50,"96,68",Keyword surfer(SEARCH VOLUME)
satchels,50k,,,"MOZ ( KEYWORD DIFFICULTY, DA)"
hobobags,40k,,,GOOGLE TRENDS (SEASONALETY)
messenger bags,300k,,,SEOQUACK( WEBSITE DETAILS)
Fishing blogs,,,,
thetackleroom.com/,,PA 32,19,
eatmytackle.com,,37,32,
,,,,
https://fishcamprehab.com/,14k,25,21,best led aquarium light
https://zenaquaria.com/,16k,35,21,best led aquarium light
https://www.hyggeraquarium.com,3k,18,13,hygger aquarium light